Title,Price,Date
"Data Analyst Gift, Data Analyst Shirt, Data Analyst T-Shirt",US $22.99,2024-01-06
"Data Analyst Gift, Data Analyst Shirt, Data Analyst T-Shirt",US $22.99,2024-01-06
"Data Analyst Gift, Data Analyst Shirt, Data Analyst T-Shirt",US $22.99,2024-01-06
"Data Analyst Gift, Data Analyst Shirt, Data Analyst T-Shirt",US $22.99,2024-01-06
"Data Analyst Gift, Data Analyst Shirt, Data Analyst T-Shirt",US $22.99,2024-01-06
"Data Analyst Gift, Data Analyst Shirt, Data Analyst T-Shirt",US $22.99,2024-01-06
"Data Analyst Gift, Data Analyst Shirt, Data Analyst T-Shirt",US $22.99,2024-01-06
"Data Analyst Gift, Data Analyst Shirt, Data Analyst T-Shirt",US $22.99,2024-01-06
"Data Analyst Gift, Data Analyst Shirt, Data Analyst T-Shirt",US $22.99,2024-01-06
"Data Analyst Gift, Data Analyst Shirt, Data Analyst T-Shirt",US $22.99,2024-01-06
"Data Analyst Gift, Data Analyst Shirt, Data Analyst T-Shirt",US $22.99,2024-01-06
